Tweet ID,Username,Date,Time,Content,Sentiment
1,@ravikarkara,2024-11-08,5:02 PM,"Must listen to @realDonaldTrump in @theallinpod with @DavidSacks @jason @chamath Graduating from college should automatically provide international students with the option to stay and work in the U.S., allowing them to contribute their skills and expertise to the country’s growth... (Continue the tweet text as shown in your example)",Unknown
2,@Keerthana17kn,2024-11-07,12:05 AM,HOW TRUMP WIN MAY IMPACT INDIAN STUDENTS: •Visa Delays and Higher Rejections •H-1B Visa Restrictions •Focus on STEM Programs •Impact on Family Visas •Potential Green Card Reforms •Greater Focus on High-Wage Job Offers •Reduced Post-Study Work Opportunities,Unknown
3,@JustSeyi,2024-11-07,4:43 AM,"What does Trump's win mean for International students? In his victory speech on November 6 in Florida, Trump said: “Immigrants are welcome but they have to come in legally.”",Unknown
4,@NFAPResearch,2024-11-03,12:14 PM,"H-1B denials, restrictions on OPT, pricing high-skilled immigrants out of the labor market: “International students & applicants for employment-based green cards may find Trump’s policies will affect them more profoundly than many today imagine.”",Unknown
5,@rolilaw,2024-11-03,3:00 PM,"“My biggest concerns are about discouraging international students and scholars from coming to the United States,” said Berger. “During the last Trump administration, the visa process got harder, with processing times going up, longer security checks and many more questions.”",Unknown
6,@JustSeyi,2024-11-07,4:43 AM,"For context, international students play a substantial role in the U.S. education system, with over a million enrolled in U.S. universities, a number bolstered by the substantial tuition fees that many pay in full. These contributions are crucial as they help fund facilities and offset costs for domestic students. The financial impact of Trump’s immigration policies could potentially burden universities that rely on this funding to cover rising operational expenses.",Unknown
7,@JustSeyi,2024-11-07,4:44 AM,"Furthermore, Trump has shown conflicting attitudes towards skilled foreign workers, including international students who hope to transition to full-time U.S. employment post-graduation. His comments on the H-1B visa program—suggesting prioritization of American workers and limiting foreign labour—raise concerns over the long-term prospects of students who wish to stay and work in the U.S. Currently, programs like Optional Practical Training (OPT) allow international graduates temporary work authorization, offering them valuable career experience and often leading to H-1B sponsorship. However, with potential restrictions, this pathway may narrow, limiting international students’ career opportunities and affecting companies that rely on this talent pool.",Unknown
8,@timesofindia,2024-06-21,3:25 PM,"DonaldTrump, Republican candidate for the 2024 U.S. presidential election, has proposed granting automatic green cards to all foreign students graduating from U.S. colleges, including junior colleges and doctoral programs. Tough days ahead for international students in US: Will OPT and visa duration be curtailed?International students, especially Indians, face uncertainty regarding #US visa policies. While #Trump previously suggested green cards for graduates, his administration also proposed limiting OPT and shortening #visa durations raising concerns about potential disruptions to education and careers.",Unknown
9,@lautarogrinspan,2024-11-06,10:05 AM,"Update: Several of the migrants I’ve been speaking with say they would have voted for Trump themselves. Most are folks who crossed the border illegally in the last 2-3 years. They don’t believe Trump will deport them, because they are here to work and are “not criminals.”",Unknown
10,@OliLondonTV,2024-05-12,8:49 AM,Trump promises to “immediately deport” foreign students participating in anti-Israel protests. “If you come here from another country and try to bring Jihadism or anti-Americanism or antisemitism to campuses we will immediately deport you.,Unknown
11,@Jules31415,2024-05-02,6:34 AM,"Trump implies that what's happening at colleges right now is intentional to ""get your eyes off the border."" ""We're not talking about the border. Millions of people are coming in...they're not talking about that now, they're talking about colleges and universities.""",Unknown
12,@MJTruthUltra,2024-05-01,4:16 PM,"Trump basically called out George Soros for Funding the University Protests Nationwide that’s being Done by Foreigners “Many of them aren’t even students and come from foreign countries… • Trump calls on every college president to remove the encampments and take back the campuses • Where did these people come from? — they do come from other countries and they are paid “Do you ever notice the signs? Normally in the old days when you had a real protest, not financed by Soros or whoever else might finance it… They’d go to their garage and make the signs… but every sign was a perfect printed sign… all the same",Unknown
13,@hasanthehun,2024-08-12,9:44 PM,"trump praised sweden norway and even chinas education systems, and then immediately followed up by advocating to abolish the department of education, and bring it back to states. which is project 2025 nonsense.",Unknown
14,@ShabbosK,2024-11-08,12:52 PM,"Correct. This is precisely why we voted for him. Under the Trump administration, expect to see Harvard’s endowment taxed, federal funds being withheld, and foreign students who break American law deported. Americans are done with free hands out to the anti-American elite.",Unknown
15,@AFpost,2024-06-20,6:50 PM,Trump says he wants to slap green cards to diplomas of foreign students that graduate from American colleges.,Unknown
16,https://www.forbes.com/sites/stuartanderson/2024/11/03/trumps-immigration-plans-may-upend-students-and-immigrant-applicants/,2024-11-03,,Donald Trump’s immigration plans could significantly impact international students and aspiring immigrants if he is elected president again. Analyzing his first term and potential advisers indicates that new policies may restrict opportunities for students and professionals.,
16,https://www.forbes.com/sites/stuartanderson/2024/11/03/trumps-immigration-plans-may-upend-students-and-immigrant-applicants/,2024-11-03,,,
16,https://www.forbes.com/sites/stuartanderson/2024/11/03/trumps-immigration-plans-may-upend-students-and-immigrant-applicants/,2024-11-03,,**Impact on International Students:**,
16,https://www.forbes.com/sites/stuartanderson/2024/11/03/trumps-immigration-plans-may-upend-students-and-immigrant-applicants/,2024-11-03,,"- Trump’s administration previously limited the labor supply, which could discourage international students from choosing the U.S. for their education. Proposed changes include restricting Optional Practical Training (OPT), which allows students to work in their fields post-graduation. This could lead to fewer international students coming to the U.S., as processing times and visa requirements have already become more stringent during his first term[1].",
16,https://www.forbes.com/sites/stuartanderson/2024/11/03/trumps-immigration-plans-may-upend-students-and-immigrant-applicants/,2024-11-03,,,
16,https://www.forbes.com/sites/stuartanderson/2024/11/03/trumps-immigration-plans-may-upend-students-and-immigrant-applicants/,2024-11-03,,**Potential Policy Changes:**,
16,https://www.forbes.com/sites/stuartanderson/2024/11/03/trumps-immigration-plans-may-upend-students-and-immigrant-applicants/,2024-11-03,,"- Policies may include raising denial rates for H-1B visas, which are crucial for international students seeking to work in the U.S. after graduation. Increased scrutiny and longer processing times could further deter students from applying[1].",
16,https://www.forbes.com/sites/stuartanderson/2024/11/03/trumps-immigration-plans-may-upend-students-and-immigrant-applicants/,2024-11-03,,"- Additionally, there are concerns about the potential curtailment of work authorization for spouses of H-1B visa holders, complicating family dynamics for those awaiting green cards[1].",
16,https://www.forbes.com/sites/stuartanderson/2024/11/03/trumps-immigration-plans-may-upend-students-and-immigrant-applicants/,2024-11-03,,,
16,https://www.forbes.com/sites/stuartanderson/2024/11/03/trumps-immigration-plans-may-upend-students-and-immigrant-applicants/,2024-11-03,,**Long-term Consequences:**,
16,https://www.forbes.com/sites/stuartanderson/2024/11/03/trumps-immigration-plans-may-upend-students-and-immigrant-applicants/,2024-11-03,,"- The Trump administration's approach could lead to a significant reduction in the number of international students and skilled professionals in the U.S., ultimately affecting the country's talent pool and economic growth[1].",
16,https://www.forbes.com/sites/stuartanderson/2024/11/03/trumps-immigration-plans-may-upend-students-and-immigrant-applicants/,2024-11-03,,,
16,https://www.forbes.com/sites/stuartanderson/2024/11/03/trumps-immigration-plans-may-upend-students-and-immigrant-applicants/,2024-11-03,,"In summary, if Donald Trump returns to office, his immigration policies are expected to create challenges for international students and those seeking employment-based green cards, potentially leading to a decline in the U.S.'s attractiveness as a destination for higher education and skilled labor.",
16,https://www.forbes.com/sites/stuartanderson/2024/11/03/trumps-immigration-plans-may-upend-students-and-immigrant-applicants/,2024-11-03,,,
16,https://www.forbes.com/sites/stuartanderson/2024/11/03/trumps-immigration-plans-may-upend-students-and-immigrant-applicants/,2024-11-03,,Citations:,
16,https://www.forbes.com/sites/stuartanderson/2024/11/03/trumps-immigration-plans-may-upend-students-and-immigrant-applicants/,2024-11-03,,[1] https://ppl-ai-file-upload.s3.amazonaws.com/web/direct-files/30954345/67e5d040-9912-419b-939d-d1f52f14f4be/paste.txt,
17,https://www.acenet.edu/News-Room/Pages/Trump-Administration-Seeks-to-Restrict-Student-Visas-to-a-Strict-Two-or-Four-Year-Timeframe.aspx,2020-09-28,,"If elected president, Donald Trump's immigration plans could mean international students choose other countries, and many aspiring immigrants will find themselves out of luck. Analyzing Trump's first term and his expected advisers' plans in a possible second term indicates that new policies will have a profound effect on employers, students and high-skilled professionals. Policies may include restricting Optional Practical Training for international students and measures that cause individuals waiting years for employment-based green cards to leave the United States.",
17,https://www.acenet.edu/News-Room/Pages/Trump-Administration-Seeks-to-Restrict-Student-Visas-to-a-Strict-Two-or-Four-Year-Timeframe.aspx,2020-09-28,,,
17,https://www.acenet.edu/News-Room/Pages/Trump-Administration-Seeks-to-Restrict-Student-Visas-to-a-Strict-Two-or-Four-Year-Timeframe.aspx,2020-09-28,,Previous Immigration Restrictions Against International Students,
17,https://www.acenet.edu/News-Room/Pages/Trump-Administration-Seeks-to-Restrict-Student-Visas-to-a-Strict-Two-or-Four-Year-Timeframe.aspx,2020-09-28,,,
17,https://www.acenet.edu/News-Room/Pages/Trump-Administration-Seeks-to-Restrict-Student-Visas-to-a-Strict-Two-or-Four-Year-Timeframe.aspx,2020-09-28,,"Using the federal government to limit or reduce the labor supply was the operating principle behind many of the Trump administration's first-term immigration restrictions. Based on the ""lump of labor fallacy,"" which assumes (economists say incorrectly) that new workers must compete for a fixed number of available jobs, the Trump administration blocked the entry of immigrants and visa holders during the Covid-19 pandemic, put new immigration obstacles in the path of foreign-born scientists and engineers and enacted other policies.",
17,https://www.acenet.edu/News-Room/Pages/Trump-Administration-Seeks-to-Restrict-Student-Visas-to-a-Strict-Two-or-Four-Year-Timeframe.aspx,2020-09-28,,,
17,https://www.acenet.edu/News-Room/Pages/Trump-Administration-Seeks-to-Restrict-Student-Visas-to-a-Strict-Two-or-Four-Year-Timeframe.aspx,2020-09-28,,"The Trump administration placed on the regulatory agenda a rule to restrict Optional Practical Training, which allows international students to gain experience by working in their field for 12 months. The Obama administration issued a rule that permitted students in science, technology, engineering and math fields to extend OPT for an additional 24 months. The rule was needed due to legal challenges after the Bush administration introduced STEM OPT. Bush officials hoped STEM OPT would help the United States attract international students and give employers and students additional opportunities to gain H-1B status in the annual lottery.",
17,https://www.acenet.edu/News-Room/Pages/Trump-Administration-Seeks-to-Restrict-Student-Visas-to-a-Strict-Two-or-Four-Year-Timeframe.aspx,2020-09-28,,,
17,https://www.acenet.edu/News-Room/Pages/Trump-Administration-Seeks-to-Restrict-Student-Visas-to-a-Strict-Two-or-Four-Year-Timeframe.aspx,2020-09-28,,"The Trump administration did not publish its rule to restrict Optional Practical Training. ""[White House Senior Adviser Stephen] Miller pushed for numerous policies that never became reality, including the elimination of a program that allows international students who earn STEM degrees in the U.S. to work for up to three years in the country on their student visas,"" reported the Wall Street Journal's Michelle Hackman. ""In those cases, Miller was blocked by more business-minded members of the administration, notably Trump's son-in-law, Jared Kushner."" Kushner is not expected to play a formal role in a second Trump administration.",
17,https://www.acenet.edu/News-Room/Pages/Trump-Administration-Seeks-to-Restrict-Student-Visas-to-a-Strict-Two-or-Four-Year-Timeframe.aspx,2020-09-28,,,
17,https://www.acenet.edu/News-Room/Pages/Trump-Administration-Seeks-to-Restrict-Student-Visas-to-a-Strict-Two-or-Four-Year-Timeframe.aspx,2020-09-28,,"To understand Miller's perspective, it is helpful to look back on S. 2934, a bill he drafted in 2015 when working for Sen. Jeff Sessions (R-AL). That bill prohibited international students with master's or bachelor's degrees from working in the United States in H-1B status without first gaining 10 years of experience in a foreign country, a fundamental change in U.S. immigration policy. Individuals with a Ph.D. from a U.S. university first would need to work two years in another country to be eligible for an H-1B visa. Any employer then would need to overcome other impediments before being allowed to hire them in America.",
17,https://www.acenet.edu/News-Room/Pages/Trump-Administration-Seeks-to-Restrict-Student-Visas-to-a-Strict-Two-or-Four-Year-Timeframe.aspx,2020-09-28,,,
17,https://www.acenet.edu/News-Room/Pages/Trump-Administration-Seeks-to-Restrict-Student-Visas-to-a-Strict-Two-or-Four-Year-Timeframe.aspx,2020-09-28,,"Miller and other Trump officials may not need to end Optional Practical Training to discourage or prevent international students from working in the United States. They could burden OPT with requirements that make it untenable for students and employers. That was the model with H-1B visas. The Trump administration enacted measures that raised denial rates, costs and uncertainty until judges ruled the policies unlawful, forcing a legal settlement. Trump officials also published an H-1B rule that would have made the category unusable for many employers. A court blocked the rule on procedural grounds.",
17,https://www.acenet.edu/News-Room/Pages/Trump-Administration-Seeks-to-Restrict-Student-Visas-to-a-Strict-Two-or-Four-Year-Timeframe.aspx,2020-09-28,,,
17,https://www.acenet.edu/News-Room/Pages/Trump-Administration-Seeks-to-Restrict-Student-Visas-to-a-Strict-Two-or-Four-Year-Timeframe.aspx,2020-09-28,,Immigration Worries For Students In A Second Trump Term,
17,https://www.acenet.edu/News-Room/Pages/Trump-Administration-Seeks-to-Restrict-Student-Visas-to-a-Strict-Two-or-Four-Year-Timeframe.aspx,2020-09-28,,,
17,https://www.acenet.edu/News-Room/Pages/Trump-Administration-Seeks-to-Restrict-Student-Visas-to-a-Strict-Two-or-Four-Year-Timeframe.aspx,2020-09-28,,"Trump floated (on a podcast with fundraisers) but never promoted an idea to give all international students green cards after they graduate from U.S. universities. The policy is unlikely to be attempted during a second Trump administration. Immigration attorneys worry about new restrictions that affect international students should Trump become president, not the implementation of expansive policies.",
17,https://www.acenet.edu/News-Room/Pages/Trump-Administration-Seeks-to-Restrict-Student-Visas-to-a-Strict-Two-or-Four-Year-Timeframe.aspx,2020-09-28,,,
17,https://www.acenet.edu/News-Room/Pages/Trump-Administration-Seeks-to-Restrict-Student-Visas-to-a-Strict-Two-or-Four-Year-Timeframe.aspx,2020-09-28,,"My biggest concerns are about discouraging international students and scholars from coming to the United States, said Dan Berger of Green & Spiegel. ""During the last Trump administration, the visa process got harder, with processing times going up, longer security checks and many more questions."" He points to the ""Muslim ban,"" policies during Covid-19 and other measures that created uncertainty and had ""a chilling effect on attracting international talent.""",
17,https://www.acenet.edu/News-Room/Pages/Trump-Administration-Seeks-to-Restrict-Student-Visas-to-a-Strict-Two-or-Four-Year-Timeframe.aspx,2020-09-28,,,
17,https://www.acenet.edu/News-Room/Pages/Trump-Administration-Seeks-to-Restrict-Student-Visas-to-a-Strict-Two-or-Four-Year-Timeframe.aspx,2020-09-28,,"A new Trump administration might try to crack down on H-1B work visas in a variety of ways, including higher denial rates, longer processing times and making the eligibility requirements more restrictive, according to Cornell Law School professor Stephen Yale-Loehr, an advisor to the National Foundation for American Policy. ""Since H-1Bs are a common way international students seek to stay and work in the United States after they graduate, any H-1B restrictions would heighten their worries, such that they might be less likely to come to the United States in the first place.""",
17,https://www.acenet.edu/News-Room/Pages/Trump-Administration-Seeks-to-Restrict-Student-Visas-to-a-Strict-Two-or-Four-Year-Timeframe.aspx,2020-09-28,,,
17,https://www.acenet.edu/News-Room/Pages/Trump-Administration-Seeks-to-Restrict-Student-Visas-to-a-Strict-Two-or-Four-Year-Timeframe.aspx,2020-09-28,,"The Trump administration proposed several restrictions on international students. A court blocked Trump officials from tightening policies on ""unlawful presence"" for students who fall out of immigration status. The Department of Homeland Security also published a proposed rule to limit study in the United States to a fixed admission period. That would have caused many international students to potentially leave the U.S. and not be eligible to work in the United States for employers.",
17,https://www.acenet.edu/News-Room/Pages/Trump-Administration-Seeks-to-Restrict-Student-Visas-to-a-Strict-Two-or-Four-Year-Timeframe.aspx,2020-09-28,,,
17,https://www.acenet.edu/News-Room/Pages/Trump-Administration-Seeks-to-Restrict-Student-Visas-to-a-Strict-Two-or-Four-Year-Timeframe.aspx,2020-09-28,,The Trump administration prohibited work on Optional Practical Training at third-party locations. It backpedaled after being sued for changing the policy by editing the DHS website rather than through normal notice and comment procedures.,
17,https://www.acenet.edu/News-Room/Pages/Trump-Administration-Seeks-to-Restrict-Student-Visas-to-a-Strict-Two-or-Four-Year-Timeframe.aspx,2020-09-28,,,
17,https://www.acenet.edu/News-Room/Pages/Trump-Administration-Seeks-to-Restrict-Student-Visas-to-a-Strict-Two-or-Four-Year-Timeframe.aspx,2020-09-28,,"After Stephen Miller argued for banning Chinese students from the United States, Trump officials settled on restricting the entry of many Chinese graduate students, exchange visitors and researchers, a policy the Biden administration maintained. Trump officials could enact a broader ban on Chinese students in a second term.",
17,https://www.acenet.edu/News-Room/Pages/Trump-Administration-Seeks-to-Restrict-Student-Visas-to-a-Strict-Two-or-Four-Year-Timeframe.aspx,2020-09-28,,,
17,https://www.acenet.edu/News-Room/Pages/Trump-Administration-Seeks-to-Restrict-Student-Visas-to-a-Strict-Two-or-Four-Year-Timeframe.aspx,2020-09-28,,How New Immigration Restrictions Could Affect Green Card Applicants,
17,https://www.acenet.edu/News-Room/Pages/Trump-Administration-Seeks-to-Restrict-Student-Visas-to-a-Strict-Two-or-Four-Year-Timeframe.aspx,2020-09-28,,,
17,https://www.acenet.edu/News-Room/Pages/Trump-Administration-Seeks-to-Restrict-Student-Visas-to-a-Strict-Two-or-Four-Year-Timeframe.aspx,2020-09-28,,"New policies could harm applicants waiting years for their employment-based green cards. Due to the low annual limit on employment-based immigrant visas and the per-country limit, over one million Indians, including dependents, now wait in the first, second and third employment-based green card categories.",
17,https://www.acenet.edu/News-Room/Pages/Trump-Administration-Seeks-to-Restrict-Student-Visas-to-a-Strict-Two-or-Four-Year-Timeframe.aspx,2020-09-28,,,
17,https://www.acenet.edu/News-Room/Pages/Trump-Administration-Seeks-to-Restrict-Student-Visas-to-a-Strict-Two-or-Four-Year-Timeframe.aspx,2020-09-28,,"The United States loses talent because of the annual limits on H-1B and employment-based immigrant visas, according to Mark Barteau, who chaired a committee on immigration policy for the National Academy of Sciences.",
17,https://www.acenet.edu/News-Room/Pages/Trump-Administration-Seeks-to-Restrict-Student-Visas-to-a-Strict-Two-or-Four-Year-Timeframe.aspx,2020-09-28,,,
17,https://www.acenet.edu/News-Room/Pages/Trump-Administration-Seeks-to-Restrict-Student-Visas-to-a-Strict-Two-or-Four-Year-Timeframe.aspx,2020-09-28,,"First, Trump officials could thwart individuals who apply for or wait for employment-based green cards by using regulatory means to price their salaries out of the labor market. In 2020, the Department of Labor published a rule that significantly raised the minimum wage required for employers to pay H-1B visa holders and employment-based immigrants via the permanent labor certification process known as PERM. As a result, the DOL rule, in many cases, increased the minimum salaries by up to 100%, with employers required to pay $208,000 a year for over 18,000 combinations of occupations and geographic labor markets, regardless of skill level and position.",
17,https://www.acenet.edu/News-Room/Pages/Trump-Administration-Seeks-to-Restrict-Student-Visas-to-a-Strict-Two-or-Four-Year-Timeframe.aspx,2020-09-28,,,
17,https://www.acenet.edu/News-Room/Pages/Trump-Administration-Seeks-to-Restrict-Student-Visas-to-a-Strict-Two-or-Four-Year-Timeframe.aspx,2020-09-28,,"A judge blocked the rule because Trump officials could not provide a sufficient legal basis for publishing it as ""interim final,"" a designation that allows a rule to go into effect immediately without a public comment period. Judges might be less likely to stop a similar rule that inflated salary requirements if officials follow the normal regulatory process.",
17,https://www.acenet.edu/News-Room/Pages/Trump-Administration-Seeks-to-Restrict-Student-Visas-to-a-Strict-Two-or-Four-Year-Timeframe.aspx,2020-09-28,,,
17,https://www.acenet.edu/News-Room/Pages/Trump-Administration-Seeks-to-Restrict-Student-Visas-to-a-Strict-Two-or-Four-Year-Timeframe.aspx,2020-09-28,,"The Trump administration was not attempting to solve an existing problem since academic research has concluded that H-1B professionals are paid the same or higher than comparable U.S. workers. Moreover, along with the required salary, government and legal fees can add $30,000 to employer costs for filing an initial H-1B petition and an extension, along with $10,000 to $15,000 for sponsoring an H-1B visa holder for a green card.",
17,https://www.acenet.edu/News-Room/Pages/Trump-Administration-Seeks-to-Restrict-Student-Visas-to-a-Strict-Two-or-Four-Year-Timeframe.aspx,2020-09-28,,,
17,https://www.acenet.edu/News-Room/Pages/Trump-Administration-Seeks-to-Restrict-Student-Visas-to-a-Strict-Two-or-Four-Year-Timeframe.aspx,2020-09-28,,"According to USCIS, the average salary for an H-1B visa holder in computer-related occupations in 2023 was $132,000, and the median salary was $122,000.",
17,https://www.acenet.edu/News-Room/Pages/Trump-Administration-Seeks-to-Restrict-Student-Visas-to-a-Strict-Two-or-Four-Year-Timeframe.aspx,2020-09-28,,,
17,https://www.acenet.edu/News-Room/Pages/Trump-Administration-Seeks-to-Restrict-Student-Visas-to-a-Strict-Two-or-Four-Year-Timeframe.aspx,2020-09-28,,"Second, if denials of H-1B petitions increase, individuals waiting for green cards may be forced to leave the United States. Under Trump, denial rates for H-1B petitions for continuing employment (generally extensions of current visa holders) rose from about 3% to 12% in FY 2018 and FY 2019. A legal settlement in 2020 forced USCIS to stop several of the Trump administration's practices. That caused denial rates to return to pre-Trump levels.",
17,https://www.acenet.edu/News-Room/Pages/Trump-Administration-Seeks-to-Restrict-Student-Visas-to-a-Strict-Two-or-Four-Year-Timeframe.aspx,2020-09-28,,,
17,https://www.acenet.edu/News-Room/Pages/Trump-Administration-Seeks-to-Restrict-Student-Visas-to-a-Strict-Two-or-Four-Year-Timeframe.aspx,2020-09-28,,"Third, Trump officials in a second term can end or curtail work authorization for the spouses of H-1B visa holders waiting for employment-based green cards. That would make it difficult for many families to wait years for an employment-based green card.",
17,https://www.acenet.edu/News-Room/Pages/Trump-Administration-Seeks-to-Restrict-Student-Visas-to-a-Strict-Two-or-Four-Year-Timeframe.aspx,2020-09-28,,,
17,https://www.acenet.edu/News-Room/Pages/Trump-Administration-Seeks-to-Restrict-Student-Visas-to-a-Strict-Two-or-Four-Year-Timeframe.aspx,2020-09-28,,"In an April 2018 letter to Sen. Charles Grassley (R-IA), USCIS Director Francis Cissna pledged to ""remove H-4 dependent spouses from the class of aliens eligible for employment authorization, thereby reversing the 2015 final rule that granted such eligibility."" The Trump administration did not publish a rule to stop providing work authorization for spouses, possibly because of an already full immigration agenda. However, it adopted other restrictive measures.",
17,https://www.acenet.edu/News-Room/Pages/Trump-Administration-Seeks-to-Restrict-Student-Visas-to-a-Strict-Two-or-Four-Year-Timeframe.aspx,2020-09-28,,,
17,https://www.acenet.edu/News-Room/Pages/Trump-Administration-Seeks-to-Restrict-Student-Visas-to-a-Strict-Two-or-Four-Year-Timeframe.aspx,2020-09-28,,"By adding redundant and unnecessary steps and processes, they were able to bring H-4 and L-2 EAD adjudications to a halt, said Jon Wasden of Wasden Law. ""A process that the agency [U.S. Citizenship and Immigration Services] claims takes only 12 minutes to complete ended up taking over a year. A second Trump administration will likely use similar illegal means to achieve their desired policy ends.""",
17,https://www.acenet.edu/News-Room/Pages/Trump-Administration-Seeks-to-Restrict-Student-Visas-to-a-Strict-Two-or-Four-Year-Timeframe.aspx,2020-09-28,,,
17,https://www.acenet.edu/News-Room/Pages/Trump-Administration-Seeks-to-Restrict-Student-Visas-to-a-Strict-Two-or-Four-Year-Timeframe.aspx,2020-09-28,,"If Donald Trump regains the presidency, international students and applicants for employment-based green cards may find Trump's immigration policies will affect them more profoundly than many today imagine.",
17,https://www.acenet.edu/News-Room/Pages/Trump-Administration-Seeks-to-Restrict-Student-Visas-to-a-Strict-Two-or-Four-Year-Timeframe.aspx,2020-09-28,,,
17,https://www.acenet.edu/News-Room/Pages/Trump-Administration-Seeks-to-Restrict-Student-Visas-to-a-Strict-Two-or-Four-Year-Timeframe.aspx,2020-09-28,,Citations:,
17,https://www.acenet.edu/News-Room/Pages/Trump-Administration-Seeks-to-Restrict-Student-Visas-to-a-Strict-Two-or-Four-Year-Timeframe.aspx,2020-09-28,,[1] https://ppl-ai-file-upload.s3.amazonaws.com/web/direct-files/30954345/67e5d040-9912-419b-939d-d1f52f14f4be/paste.txt,